Theta1,Theta2,X,Y
0.47013548420512796,-1.7697527708819005,1.1593744966549697,-0.510448664845135
2.4800466562046957,1.104564701799136,-1.6925051682651766,0.18566874664759586
-2.47096620632054,-2.7571529759841433,-0.2902622900425858,0.24845595232187478
-0.28633606461790384,0.26636241412922024,1.959085684990173,-0.3024116923952718
-0.8725600716394859,0.7479585555234061,1.6351149687825066,-0.8902565814035187
0.166050425569908,-1.871299828220103,0.8521969332841677,-0.8256863944439141
2.9346337541240137,-0.9177190230886754,-1.4101274331770386,1.107613325217574
-0.6179722083270209,0.5310034971469406,1.8112756054848034,-0.6662427116239437
1.3912226871954312,-0.2709129724853674,0.6140137362129937,1.884155270749939
-0.2742369795759698,-2.9810200730347987,-0.030915040729374232,-0.15739270050028772
-2.283143588869731,-2.781786693400488,-0.30832812049486347,0.18166851005028106
2.94330613699655,0.6959361401503892,-1.8591125228713725,-0.280371854736725
-1.6136281845175715,0.962113004708649,0.7523471562671453,-1.605474776896493
2.316367546778144,-0.9201323770009853,-0.5047156162124135,1.7195033616453888
2.189569283528116,-2.5689703034496736,0.348850583649027,0.4442266477720943
-0.8296817124779401,1.952301018686084,1.1084339159699064,0.16352200971943953
-2.2283297285974917,1.457946029599018,0.10647711497451529,-1.4879127886697403
1.5052368305544466,-2.3706695939569733,0.713823224140785,0.23647584577773761
1.9965268718092712,0.0785426116272232,-0.8961574242892651,1.7862631664226414
1.2477274669506802,-0.5938602397219133,1.1112156033727478,1.5565260986061884
0.4228573587433373,1.7660332780583037,0.3324369901612917,1.2253520586189424
-1.7556867107610623,1.2374562289264937,0.684858272143949,-1.4783001471427046
-2.008610629115382,1.171360814234391,0.2455472698899931,-1.6484851361511361
1.14505280491763,-0.6947546904169353,1.313315437748628,1.3459658627556097
-2.3809037320106636,0.059439011843605005,-1.406488889636727,-1.420653739392121
-2.596736780658186,1.3534064032589797,-0.5335573285964161,-1.4651552847500477
0.7308050138200204,1.4933096860751043,0.13681254975824486,1.461540479420727
2.652774555278116,2.6262576592268942,-0.3460855264280146,-0.37412491798324626
-2.5489167454351813,-1.8849851893796847,-1.104350234654151,0.40288990241900235
-1.219402043665065,0.5519091775075169,1.129583321049348,-1.5579125948912913
0.1990147085886691,3.102465279746376,-0.0069833774652307,0.03849660394566584
1.8572476940384135,1.9395032273041943,-1.075501484074566,0.3499678297249903
-0.8649578318141926,-1.8761052894870425,-0.27218244617534404,-1.1509739302023778
-1.11073810004243,1.638183710615774,1.3080958637062456,-0.3926988972843074
2.595643325275776,2.9343430569035105,-0.12513013895706016,-0.16474623287706314
-2.818929088628983,-0.36002357666087503,-1.947696379327029,-0.2797424706614302
0.9755107819772535,-0.5630763618490202,1.4768929287488701,1.2288292167211725
0.7322060449548702,0.18307505060116736,1.353269211422453,1.4612458641778594
0.4222274164058142,-1.3464606426175976,1.5146252005172625,-0.38836578834662566
-2.2281629693398504,-0.23912782509893749,-1.392177423777182,-1.4159561674076884
0.032312641211624804,3.0932302016666418,-0.00039321252219426395,0.04835614018862196
1.497594356428948,2.4249782660397754,-0.6370873927469752,0.29334617742459956
0.6163219795970583,2.3861308631493108,-0.17432565730960725,0.7167290657090868
0.8015073116891696,-1.4733342340622781,1.4783105043406484,0.09598849849383762
-2.2095155100002604,2.978172602066582,0.12267725344558178,-0.1076894744329352
-0.755769164358771,3.0778602628822993,0.04515866972837146,0.04495706280726208
-0.9212598993491392,-2.7615678243927126,-0.25225573521203803,-0.2811693311636173
2.960767818702787,0.8137793202301387,-1.7899790529518622,-0.4116884675503304
-1.5360714457262161,-2.47906112959023,-0.6073989452637062,-0.23279037305085948
0.49804020955338135,2.188955530723094,-0.019917647027811958,0.9168049421532205
-0.3868957618998321,-2.254242283184571,0.048720276695189746,-0.857139895535419
1.5472152460917696,2.9636373022191007,-0.1765960061166151,0.019961799954446913
3.0647677008364616,-2.7127317112744085,-0.058377784463420235,0.4215590524403544
-2.458983043598298,2.151305243858223,0.17711024031461764,-0.9336663488282464
-0.6974255692966369,-2.849462935484717,-0.1524876413463695,-0.24795586070269066
2.781891941966868,-1.3417627798416505,-0.8057065645608664,1.3434693001854412
-1.2029228309058886,-2.7058936494675465,-0.36020847470628636,-0.23895469951722037
-1.059802639733666,-0.7136939367715556,0.28772921285994346,-1.8517855301206545
0.9962780234024553,3.0395938624998093,-0.08265051183655192,0.059696143627767206
0.8441959979377796,0.07502914980621078,1.2707688866403717,1.5425691892913558
2.1919041715556524,0.9294060830413509,-1.5817307739756716,0.8335152689981954
-1.138292512670052,2.917687090634007,0.21205663283334633,0.07040302761141104
0.23703428050164144,1.500204226379851,0.8063639088443361,1.2210013174936043
3.0394394284001844,2.553564582114566,-0.22365629475475401,-0.5347013444994367
0.6989359586121671,-1.4962117948589437,1.4641855457048294,-0.07205198934781987
1.6011466563974563,-0.7884201919608613,0.6571754591257558,1.7257038370654287
2.9998086361625074,-0.6637928168541838,-1.6826607931142408,0.8625397876123989
2.976028527191355,-0.18997550898983295,-1.9237843195596007,0.5129050712874283
1.1893049415377872,1.7564608552504213,-0.608582063883478,1.12268807225017
1.1756485565647585,1.3564189183513484,-0.434975359104338,1.495417900269572
-0.7271530977933351,0.14085906377691026,1.5800667159201593,-1.21802326827356
2.256341896818549,0.9104429352775929,-1.6327781110097708,0.7488842505219755
-2.820529830333989,-2.281287979848417,-0.5692404807227269,0.6095508090328086
-2.5980807927832212,-2.832177275202559,-0.1981166779386493,0.2360641436522407
3.026498805867651,-1.1624974716795113,-1.2824059411170625,1.0721623922410417
-2.298311285330908,2.4274187179790783,0.3266614174065918,-0.6180802431225516
3.0514888224568795,3.0098119874210827,-0.0204589318800672,-0.13008635098573323
3.0660941082260385,-0.20328572983896898,-1.9585420387605126,0.350613907501449
2.955991439369818,-2.453724625121812,-0.10633194224525633,0.6659510773039654
2.1278954092671736,-1.6598933372314812,0.363745193208294,1.2998965646968266
-1.6242147330418735,1.3176718617332872,0.8999894989990542,-1.3003380564848552
-2.1804974560485495,2.675751459317082,0.3072255561546955,-0.34456404368819593
-1.479449396673122,2.3081138768905225,0.7670806258626833,-0.25880136612686755
2.248623551232912,-0.7059392543837175,-0.5989937227623987,1.7785419912589167
1.5814822822787908,0.8573844835102888,-0.7737690348741928,1.646243070947769
-0.04048243270245955,1.7779816709974865,0.8332488230399566,0.9456658417153776
0.9002516269319871,-2.0435427876826706,1.036014631269282,-0.12651964460340637
-0.983880433709309,-2.8040021970695395,-0.2445278989091476,-0.23042384293527673
2.6084527542370024,-1.7431352127315736,-0.2128170924691768,1.2695411675142645
0.6673122291584548,-0.8442044869842515,1.7698832193348566,0.44290583224779123
1.4591391679460504,1.3758920140191089,-0.8419515981633883,1.2955550266370293
1.2212167166444328,1.2852322162022567,-0.46248356183204664,1.5328099943259117
-2.862659845561587,-0.9892075785791605,-1.7195325581525929,0.3767122611830001
-1.4287595165309515,1.9716820931227632,0.9977621245520888,-0.4732892078921359
-1.4739077110249437,2.6575995203506313,0.474245865269759,-0.06930395862351746
-3.0850171510023423,-1.5133231871152069,-1.1122015958834723,0.9369581735050807
2.0190952946670535,1.7710133714813479,-1.2304142267809643,0.2971813281837121
1.910819277257013,-1.9544682979645747,0.6655388040248119,0.8991118498576027
-2.625227936525037,-1.0840896774016016,-1.712746221014581,0.04399320242508903
-0.17681986507849867,-2.0906299226317815,0.3427535447544221,-0.942893717805413
2.5334127811596874,-2.4620958493004284,0.17676867384813888,0.6426311410534873
-2.7504644300115375,-2.702744514637643,-0.2495863310481501,0.3566837414063904
2.476746461936477,-2.9693817805975824,0.09407786233825266,0.14398861155759896
-0.19292418877516004,-2.6610110315125732,0.022536670523896518,-0.475436341559866
-3.094921601170493,-2.454226372588745,-0.2564351426973016,0.6232185981317686
2.864188827069224,3.031484107769076,-0.03591770160244401,-0.10402675838775638
1.4937220720791808,0.3555091033168334,-0.19785314521635083,1.9585180491231857
-0.140452472214613,1.1823782471837845,1.4947112785675853,0.7233863482121012
-0.1339416147425716,2.033214686689144,0.6684416351590194,0.8129933654382386
-1.8497760421423641,1.4384471270367998,0.641215340410884,-1.3611646508343658
-0.7474574085197085,3.0729162813635025,0.04837675927722196,0.04872658225576043
-1.1864384790635945,-1.1216229428234956,-0.2973018374850788,-1.6673493157089843
-2.58526445769191,2.4647338860127244,0.14354517331961925,-0.6483106159177361
0.6511906534043446,-1.6643264206876736,1.3245653104114385,-0.24236163344926687
-2.347133265191134,-1.469705101815151,-1.4812239685476363,-0.08839579053360791
-1.6796293577599526,-2.8596151779595047,-0.28089893468813787,-0.009035618257778433
-0.2475905895605499,-1.2307948034741638,1.0617851681492523,-1.240801883144354
0.02741335847254378,-2.7283987439117827,0.09513144047894684,-0.3990788882496999
0.23037271912453416,0.5138088499233713,1.709223885035766,0.9057103765462603
-1.6253040855006178,0.8593473371967439,0.666238672354052,-1.6917416827349507
-1.4640084702737326,0.885445684315191,0.9438344238400125,-1.5411247886005217
-1.5299689316354816,1.5669577452309236,1.040132045562332,-0.9621862980051311
0.21466604694996727,-1.5521320544291073,1.208266461043813,-0.759880606820174
-1.860854459460758,-2.5431315763004556,-0.5895452484955737,-0.005407700018327688
1.2033990792324802,0.7718276210579127,-0.03430755880416603,1.8525920736204045
2.451523614940726,1.7389772406217716,-1.269719869604081,-0.23028903513135424
3.1170807646654293,-0.76358920565416,-1.7048925382367375,0.7335248912320559
-0.2828613642936486,2.750252812129788,0.17905488454517815,0.3451690499986389
2.3049767324041213,-0.6172480464204555,-0.7866449986590582,1.7355513116163155
-2.1129212840353175,-1.6505436789403243,-1.3287465769498314,-0.2740562552223441
1.692643693562923,-1.2291215485580027,0.7729372095128948,1.43968716308689
2.851846666370154,-0.6355116971312955,-1.5599452604476287,1.0844846297299033
2.3811904380965085,-2.3730735984222444,0.27540820139921807,0.6973296801978582
1.2617624573155526,-1.7815582536997798,1.1720590419908152,0.45592493617027235
-2.29228005398161,0.8701411521773696,-0.5123889215102528,-1.7397973736499948
1.3471444715254126,-2.824727496127363,0.3148703730239547,-0.020564784010244308
-2.720075933127148,0.45642755038447014,-1.5512036588312257,-1.1785723252545455
2.6513989417396546,1.6371720899880104,-1.2934852756245134,-0.44072868303145624
-1.2103700661654448,0.7948264703895132,1.2675701501839876,-1.3394339021775754
-0.3511735311613613,1.6185141000352932,1.2377895119786564,0.6103095861913623
2.7497247530196764,-2.9417531220207525,0.05742184714667742,0.19106501697929557
0.3200173962700039,-0.6755738704784733,1.8866828642324869,-0.03352901375436551
-1.8163711569885062,1.5322986468577025,0.7168080616290281,-1.2502649900311955
-2.2213183703754833,-0.7928244226631969,-1.597491168019263,-0.9228728591474114
1.9487481178835955,0.5515492720652393,-1.1703391532434213,1.527656275292546
1.0151853324398195,2.9508253521293843,-0.15152184855889694,0.11542556352315159
2.9907853511486904,-2.075478540001302,-0.3791027342716855,0.9429859611094633
-2.7358093977741924,2.0545218106372705,-0.14203104917807552,-1.0245322268723651
3.083825790283938,1.3089659544689942,-1.3125161755938737,-0.8916272967278418
-2.4626868101335706,1.333426984658118,-0.35093113731218084,-1.5320380004633418
-0.07956252218625304,2.519081760721816,0.23333175827592478,0.5663235289405693
-1.8560149600967595,2.745471187972492,0.34846722488322796,-0.18287078339628682
1.7851273884947725,2.7367238038678705,-0.4020808214427216,-0.004783635190637736
-0.2223904275758377,-1.4596327652086305,0.8643753306667714,-1.2143824762112716
-0.910250813811035,-0.41747816876969246,0.8542286431930929,-1.760261941523475
0.9691377437099078,1.6548017173605665,-0.3029722870524384,1.3192401405629315
-1.2146850512992233,-0.8302495400009278,-0.10793980840080758,-1.8269461374364693
-2.394885621201333,-2.721294474284621,-0.3410221283734641,0.2403524078766639
0.009492511445944984,1.5904944483007863,0.97076845884567,1.009066352614092
-0.32654626936405506,-2.757434975630083,-0.05118506543335766,-0.37835327129258256
-1.4533289024408276,2.6059514623490303,0.5232897238532326,-0.07927654893844249
-1.9794559174639945,2.992781052969047,0.13166230271261625,-0.06905862960257236
-0.8674618305036348,-0.7790595700280774,0.5711117415312286,-1.7598240241188026
0.677617777083904,3.0197907559010178,-0.0704017991351582,0.09930234902478918
2.8487441568710654,-1.2546721279557917,-0.9806990556214794,1.2884097489252793
0.18151131362366346,2.3307221541858603,0.17516712475527985,0.7691431062747691
-2.5611290187620046,2.6857258683135523,0.15603937223268327,-0.42413697276390905
1.727168401992051,1.9325589173504083,-1.0244800965667862,0.49253827821903146
1.8061227327858465,-1.1981922944556016,0.5876714386153526,1.5436082105535547
2.6332330087924234,-2.820107814881358,0.10904554209304673,0.3009559557065594
-1.4358420054978587,-3.137069337818011,-0.004480795720021885,-0.0006187248185569594
-1.0309593978297364,1.9663588848750146,1.1074930694660319,-0.05295627397619451
-1.3065176053227912,0.3716303760840072,0.8551222574318891,-1.769813266995166
-3.0017504115058093,1.062973963386514,-1.349969505363975,-1.0724427610005067
-1.8508444489603264,2.636114360898694,0.43079556653441015,-0.2540260504707772
-2.735442635591812,-1.8339571759912534,-1.0611510704058946,0.5947189711744405
-2.6680376437701248,-2.7496113770103436,-0.2417207851461427,0.3053900601245083
-0.08253130285725652,0.41159609404832587,1.94294120239383,0.24072049742847557
3.016819315298765,3.040999204241693,-0.017513691886014815,-0.09901405257964736
-0.30703267405582846,0.7037679980042166,1.8755619924077414,0.08417789319321328
-1.4341131348117258,-2.058852733634257,-0.8026429581952893,-0.6464859419901997
1.927933461787375,-0.6627633452541937,-0.0487030220081362,1.8905602194668352
-0.6578758987049222,-2.472672463163628,-0.20864624175803836,-0.6224815137803325
2.823546418329622,2.155862289762336,-0.6859902383520164,-0.651850168659716
-2.415513034984884,-1.6155051286071376,-1.3776413951576747,0.11276687846044153
-3.0147743816812542,1.495929831039211,-0.9400409248527202,-1.1251294214149834
-0.3345523557872343,0.5179975052782555,1.9277784583437465,-0.14592838427477853
1.7197322206104326,0.4485797133287899,-0.7109761657017476,1.8156653962667972
0.9086217348456254,-0.36286201523546424,1.469566503348032,1.3077246835065381
-2.7960744705217033,0.0377896801957176,-1.8683326813954695,-0.7126746113328961
1.3775781153946163,-0.9768227301351633,1.1127847791253518,1.371505350107675
-2.4464784069930454,-0.8915956983642315,-1.7487400722494655,-0.4452534862680213
-0.34213910222224886,-3.0027359411087002,-0.03737004300008151,-0.13361776096477893
0.324378171185725,-2.6095311625188753,0.2927175957931404,-0.4367954192230832
1.8400679842594752,-1.2961524878767618,0.5896596034221755,1.4814553097456553
2.0414078287576105,-0.9612912210991786,0.0177941215065886,1.7733039420516392
-0.9852836328307344,0.48863839318947955,1.431812727221525,-1.3099076341477796
-0.6852554031957632,2.801132946610088,0.25576989578429754,0.2222144038167041
2.254622435156569,-1.368847066037066,0.0009257496376980923,1.5495669904626244
-2.708279443283321,1.9785424200076207,-0.1622298347759673,-1.0865537519638266
0.4460747203813571,-0.6683175814026487,1.8775530587964817,0.2110098108962124
-2.457109531811677,-2.1762204244122616,-0.8537226509362968,0.36460381610523973
2.5227906939119222,-2.954626110480112,0.09362511151948039,0.16152125446015864
-2.116085811606578,-1.7117029452316956,-1.2923273662035126,-0.22137833692631215
1.2904729336708396,-2.9241734552525966,0.21380371449805324,-0.03705616690219993
2.6176704181694506,1.222978960192033,-1.631313150086037,-0.14321584579213187
1.1726741975160415,0.42268248994518,0.36313013167072083,1.9214890563654967
-2.2740786855017783,3.1144218426772357,0.020482558133307904,-0.017851396610886527
-1.4125885279463548,1.555267585031836,1.1473872409537282,-0.845315772139663
2.0388164100210533,-0.07188732084532612,-0.8369736453377601,1.8150232933023642
0.3022581049014299,-2.6759584317281297,0.2352904388636876,-0.3969438710247004
0.7486667013902943,-0.4427696637161582,1.686174240802754,0.9818112856181822
2.9242450276194543,0.49082166555698903,-1.9393112892901958,-0.054437585183940096
-3.0595746263811585,-0.9920691233460825,-1.6103438147775235,0.7076089958513098
-0.5187498005191191,-1.4347927241319052,0.494970336233975,-1.4234373167782777
-2.8667004071055473,1.5276651670370667,-0.7327625720926798,-1.244706627826495
-2.7676570698995393,-0.6894174462771905,-1.8815439407383736,-0.05500728584959785
-0.6077915298701386,1.4466962169869397,1.4891892211406326,0.17285569643354404
-0.9807000591239561,2.3063863475787008,0.799104088679326,0.13922351293388147
0.9395283311732117,-2.7046798118832975,0.39703498942233184,-0.17389258919927975
-2.3506002047125154,-2.563395409104753,-0.5028962983942867,0.2686946713178986
-3.1241855888988006,-3.1099157817842187,-0.0010528754552120434,0.03165804413505851
0.9539625633747555,0.7265339667940314,0.46897500942624354,1.8097030332368236
-1.1009872081519436,-2.100985138576479,-0.5454616066954604,-0.8313117074571759
0.37550235075377536,-2.0903535950621697,0.7867663066103883,-0.6229020971568968
1.682366755917971,0.3009625941613949,-0.5122702375484095,1.9098906682863699
-2.5843384685282933,1.52999336873276,-0.35491313200530483,-1.3984348188996507
2.3512665398590578,-2.4464746476748203,0.29185750840692304,0.615518432247907
-0.10210513344209149,-0.24495319694820283,1.9351691371079875,-0.44206081409388065
-0.6355616885310567,2.3781768534663845,0.63376370108544,0.39164580122979775
-0.8487733051802038,-0.2972299272224328,1.0730365147666747,-1.6615942671158692
-1.509513282582592,0.6088935827507842,0.6823691135869072,-1.7818347526508116
-2.3191693664376447,-0.13157671023143358,-1.451154290617045,-1.3699867723548604
2.0530325928794353,-0.16140229085306945,-0.7791196658582105,1.8349327919409366
2.1851499584178073,-1.0034910717583636,-0.1970399809136808,1.7423828550117686
0.4943113008259785,2.8395283930874786,-0.10128172773110178,0.2833604854980716
-1.8191191595760456,2.9338584862874466,0.19463294621164534,-0.0715299818327172
-2.143958024218982,2.223713989384269,0.45452999531451665,-0.7605191795372734
1.690329888602391,2.1128959363268125,-0.9082389639370622,0.37845813979406173
0.5592366849848549,0.10460675209978465,1.6352902529223203,1.1466879221471054
2.1189759458322994,2.4807687920355477,-0.6335406193036117,-0.14018774409373558
-0.2550928487135695,-2.9369761246238237,-0.03108647017623878,-0.20188036578414598
2.773085992067484,-0.3640381385620821,-1.6763412614682494,1.0289865424852023
-2.542885441180232,-2.00109084172985,-0.993682603202006,0.422277050554134
-1.3942803954841694,-0.9050784468203221,-0.49019705496946964,-1.7305937184271056
-0.24158917990535533,0.7388942682818596,1.8498303792623823,0.23781283668538178
-2.5084447869507156,0.8984122394482847,-0.8453951130971232,-1.5909157558814688
1.383365791433663,3.1233124619611266,-0.017927904339620604,0.0035702025895778533
1.1633726177554946,1.670758997896157,-0.556859794158946,1.2207844286827045
-1.2177529735175956,2.799265362735528,0.3350392007787203,0.061617778491621866
-0.7850417648911501,0.015254928705332294,1.4254177922154747,-1.4028369147191206
0.8682901537443248,0.8877890072059875,0.4619079548641849,1.7461094509728672
-3.1339916035910593,-1.7786538676024555,-0.8010504098319691,0.9724146119404236
0.8142027336839952,0.9539010915804766,0.49041858343177924,1.7077764897531151
2.849587487923645,0.26450885065648544,-1.9572905680599901,0.31536593706188937
2.859375461894434,-1.6583119862590785,-0.5990739942251992,1.2109097291602113
1.7422942909133257,-0.5459389668553549,0.19509379135562233,1.916042454002468
0.9703930299900554,-1.4079325092468837,1.4707722389796194,0.40139581156592974
3.120238240928482,-0.20261986427055945,-1.9747944427711261,0.24345916586283
3.0148909763303733,-1.2253724078930903,-1.2089665587673821,1.102538449589048
2.6271931247466975,1.4723735261562432,-1.4457668105479873,-0.3260157602071436
-3.09270085437467,-0.22921830672491872,-1.9825902198977974,0.13047847324652906
1.011416317960264,0.7439821688041572,0.3471053375865941,1.8305936330392658
2.0784871957816993,-2.205030592271722,0.5058433972528712,0.747663506409159
0.4002840910940888,0.41484728028917495,1.6067231117730472,1.1174956876152728
-2.8302055828032477,-1.4880832555428116,-1.3358869832858062,0.6169631667004611
-2.0189537942320994,2.766874261795609,0.2997990820812541,-0.2211312950580243
-3.087285432836603,-2.869874962305432,-0.051202759950673915,0.26599934640745615
3.0807144748117095,-2.7710714339161324,-0.04570509325095973,0.3655592546523463
-0.29846274970230846,-1.128417581110262,1.099209365325507,-1.2837132216093037
2.08683805936601,-0.6503342432299655,-0.35955196864442374,1.8607754649861112
-2.586138735558206,1.2280814112180432,-0.6385232200288083,-1.504785305642092
-2.9243288056822556,-2.694313470284948,-0.1892922252655257,0.40114086623005596
2.8004646199626926,-2.790670876703483,0.057574160534510366,0.34434392540053804
2.950964771305519,1.600307935939858,-1.1423055828236375,-0.7975733849321411
1.316789541867048,0.2491983320876101,0.2560926209160273,1.9679017917136812
2.8401078646549456,-2.7557755402106348,0.04154948542742398,0.3811707523356026
0.16012764007518188,1.2686451050431815,1.1287535504620516,1.1493758071877092
-0.35429328385140746,-1.4432184600748896,0.7131136908104779,-1.3213375811134613
-1.22838745425837,1.179870704829673,1.33458039156818,-0.9904463211050498
-1.0727738591223224,2.193115213229061,0.9130643223374046,0.021720186902819294
2.059048676097225,-0.0629270282356984,-0.8817003006198585,1.7940585485170208
0.18886235504745752,-1.3395149901073404,1.3901101061505656,-0.7252887382370785
1.8796564601801808,1.5439974691163743,-1.2644566570916829,0.6743446169927005
0.6075862944067172,-2.539773534093279,0.46745271922130777,-0.36451853149107327
2.369965289860441,0.8469354704541501,-1.7139425386815734,0.6220656738125236
1.6834307413731864,0.4667993576422944,-0.6599466298811649,1.8304362698244112
0.2569947415264102,0.10876630710744273,1.9010100413664164,0.6118352483214636
0.08502155514349985,0.1661332241508382,1.9650139230640808,0.3334418341551206
-1.8425172489859776,-2.600916525604096,-0.5341139646634592,0.0007386043456355518
-1.9657991888297865,-1.4106258002691452,-1.3573641976187554,-0.6903155369063579
-1.8276621963250153,0.4333563671581704,-0.07847482573054931,-1.9516568919043014
1.5033501375994742,-1.1240338979035251,0.9963131046636705,1.3680117666124363
-1.4098200784231347,0.5598588499075463,0.8202941832145799,-1.7383260948660908
2.5579789054028454,1.6875389251830626,-1.2845712614703642,-0.3419378179066669
-0.08969077054074681,-2.1818115528100006,0.3512229758950389,-0.8539577482239168
-2.2440128417201306,3.0687524359562577,0.05524427866277648,-0.04744914673748846
1.831139598051573,2.4580420617673306,-0.6680991903217868,0.05452524519290958
-2.0391082465710055,-1.333024688336681,-1.4249236829287217,-0.6638279819025309
-1.6733669082173888,2.788385654987204,0.3377698275034522,-0.09682520865990185
-2.908697059648449,1.7682257981860747,-0.5558359301064018,-1.1396260977828516
2.131364054122977,0.9080885970720178,-1.526455365496586,0.9489159032866742
1.6809836785949672,2.056073788082375,-0.9378523959565365,0.433041885153988
0.9802346074288115,-3.0228799433960067,0.10229366237500442,-0.060101344452137995
1.7919687729507086,2.737734124749256,-0.40104526994244716,-0.007718339737715407
2.399071403091317,2.8269473086668926,-0.2454243124900466,-0.19481917933737558
-2.2847895821103585,-1.587655883224369,-1.3994623156517065,-0.08824801188685227
1.3622499226332883,2.4776239951732455,-0.5589102785912238,0.33543072307695687
-2.5864252599193107,-2.9623567035871234,-0.10758148998742123,0.14305885751336578
1.9691845386602314,-2.628070979763723,0.40274120133820485,0.30945068805955966
-1.7362559798071797,0.47509708811214146,0.14000760988362615,-1.938786862908271
-2.044469683813877,0.7677551466777368,-0.16629708906160984,-1.8469673629924865
2.5187666428217312,2.051944886788271,-0.9534371534054238,-0.4066476598731984
-2.579360131115898,2.9292671133702717,0.09333748891585236,-0.19026596102893084
2.8270799052424245,-2.0790023822456547,-0.217949273852717,0.9895840035874328
-2.580759701506013,-0.9449892758782186,-1.7739273175978343,-0.15711465108283307
-0.18077303899998576,-2.838906965327807,-0.00887285057703946,-0.30140095127008304
1.2597249941055013,0.3606145095278994,0.2565558154467867,1.9507791919596664
-1.9207176029740909,3.043503633140813,0.09034919627732418,-0.0380889323887752
-0.5171413917510299,1.678250411441648,1.2675585489888288,0.4228480642879786
0.888259453863701,-0.6743947948478501,1.6079815882899067,0.9882131400353881
-1.6119752149623012,1.139586599630702,0.8493167233782678,-1.4541668744556724
-0.2749036364779882,1.43802610809895,1.3589262560033568,0.646591370746342
2.9597367533558776,-2.8225676482592497,0.007097322207642365,0.3175945416205779
-1.2741646047799362,-0.08470488175637003,0.5026447185454737,-1.9339538926385842
-1.946254016735125,0.30297018800689024,-0.43912241311450595,-1.9277138164150003
1.871159002940603,-3.0423589370132524,0.09317989870641541,0.0340111571130336
-2.1686984049708045,1.8969948641015186,0.4004053677328768,-1.0948912455154611
-1.9130884703582505,-2.7736632672662003,-0.3612815776581768,0.05768359456421979
-2.885272797498031,2.4670919119704076,-0.05350033324332426,-0.659621130845016
-1.7431548658239902,-1.5398291977124237,-1.1615272925534101,-0.8442622273412703
-1.7405312066146497,1.2936540989847112,0.7328800151971724,-1.4177810042329142
3.103510539814688,-0.07368813532853746,-1.9930351696341744,0.14961058749391298
-0.01582520037549795,2.367040596006399,0.2962975049837331,0.6947942132605573
-0.42826311381854376,-0.7633442899387917,1.2798555643750087,-1.3442565795028196
0.055514317905656974,-2.7673835511564673,0.08937846305965091,-0.3611335771193397
0.4728834059997342,-2.7531156801996852,0.23885281734413732,-0.3032742713482054
-0.6362561396538604,0.6886638409041752,1.8029529784299396,-0.5418046142557175
-0.540255885398147,-0.7439686248782507,1.1402426087893538,-1.4735739893859083
-1.37140043563278,1.7911645306587953,1.1112623353210092,-0.5726413774033913
2.7573194631408624,0.8572054677214331,-1.8173076168010964,-0.08061322838856172
0.9307490022997467,2.0852889510390646,-0.3948949580107146,0.9272925814846527
0.3591920204655361,-1.2495825985516702,1.5652896199034747,-0.42579958990395905
-1.4709384759026052,-2.7637957839960605,-0.36000567977296305,-0.10694286281344656
0.0976850132975855,2.1944255817713687,0.33486043528257703,0.8484682015193541
1.5857918538566942,-1.1266109438301024,0.8814208652722718,1.443101579697886
1.1919293390103078,2.971615729429822,-0.15183324325363345,0.07595607216763522
3.0815952731046536,1.852369371253645,-0.7784336590120793,-0.9155909898014123
1.294102619061083,-1.0450634216161654,1.2423262944999351,1.2084368079455954
1.1702472079816229,-3.085189052532772,0.05253163387634113,-0.020517073857398205
0.3168839638336767,-2.219346994244516,0.6245916591127603,-0.6338937597452903
-1.9984960223028985,-1.9622576921247021,-1.097613157366782,-0.1793490433498055
-0.6991671269195163,1.1536306651417094,1.6638751271607815,-0.2046000795189093
2.6204097094355605,2.1422933244925026,-0.8169379633069929,-0.5008281434332724
2.6240211012161643,0.03440256643777806,-1.754550366672889,0.9593589479208614
0.4480126767049546,-0.7280833872132573,1.8623456354453747,0.1567515922570829
0.07158108725445533,0.19820042327140674,1.961268319070431,0.3380408309573391
-2.508813012783617,2.7716440625935705,0.159271520489785,-0.3315730891291368
1.8207333102329617,1.5968851948481175,-1.2094890256662914,0.6963939111106422
2.322111525220235,1.035722276393586,-1.659311332307913,0.5162319101049311
1.8800733915284251,-1.2211042592368366,0.4862537727288356,1.5648560075118454
-2.291345523713756,0.028396920401610348,-1.2979931032141832,-1.521317709456752
-1.1738120731781654,-2.059670294334329,-0.6091422207525867,-0.8304707374396905
1.8041880217050306,0.8114483078786985,-1.0961228092546222,1.4749278713678975
-1.6610817575229893,-0.505376287164141,-0.6512194534693675,-1.8237044572262537
-1.122551607811927,2.604278292824014,0.522336244775184,0.09482671965298728
1.5522683597143807,2.625808021990938,-0.4907226621934491,0.13920947072441936
-0.8336529074719294,2.9535438642351783,0.15026050371030297,0.11260569698306933
-0.36318957644384753,-1.9450202648645922,0.26239283927756485,-1.0954676733053148
1.7969697794112625,0.602328327716998,-0.9611695141056666,1.6505122167599353
-2.982960079326947,-2.1411091559574684,-0.5872944548115433,0.7584816651335253
2.1055434951364225,-2.2259560299656713,0.4831356459284738,0.740275740501338
-1.220211795011546,1.2859265163244702,1.3412884066735367,-0.8735046835311275
-2.7449283458629163,-1.229884608157611,-1.5948507512291712,0.3537570382909355
2.2057681782452727,2.437315832621292,-0.6624043546676174,-0.19251097847688103
1.4875128699433695,2.9011476952681914,-0.2349162970502151,0.04847794865438082
1.5635441084530086,1.786272371641938,-0.9711474779658089,0.7932512834319558
-0.440905791725803,2.8804274299448487,0.14085911641158821,0.21904149768183967
2.450542995261702,2.3568822282507655,-0.67568419541678,-0.3581410779677475
0.9856627022628013,-2.7540477244701678,0.35600526530760024,-0.14690448934258327
0.7107492529318407,1.098354147597819,0.5218153917927664,1.6241407886168973
-2.2084780508454402,0.9891223539493241,-0.2510836193633542,-1.742355814471803
-0.18919792986157313,-2.4711280860686586,0.09574609280412527,-0.6509735040217312
-0.24778908730334592,-1.8744182579227995,0.44556740571615183,-1.0970473278668236
-0.7115503605895257,-2.2916057562509455,-0.23308256880515232,-0.791003499940029
0.3831287105684571,-1.9179284927952054,0.9634883607214765,-0.6255280222482974
-0.3452393341734159,-0.08759471177987432,1.8487751535574126,-0.757867074646713
-0.4649422793220812,-2.432927834033885,-0.07659894186335192,-0.6896880245230624
-1.2196957531839503,-1.8212330566606225,-0.6510062238544649,-1.0394886816243034
-1.4530567620850614,-0.8219609227641937,-0.5299728867645136,-1.7551926080678362
-1.358971178761062,0.3962504015420101,0.7815336311378083,-1.7983977701731004
2.5108927438328443,-2.920769895366293,0.10955482217491308,0.19121350183967434
2.699220358982658,-1.921339297965863,-0.19133651729160406,1.1298560610885537
2.7611030843218654,2.083582315112995,-0.7965720926056209,-0.6198865145321825
-2.4353228803692475,-0.7214164033191302,-1.7606733739895901,-0.6338543298608685
-0.31999477783680375,1.954454410381186,0.8856167510619196,0.683412572564444
-0.7510294631387815,-1.8344686805234163,-0.11833642734119665,-1.2102648542719892
-2.241491079886842,-2.897960079847021,-0.2073317706900803,0.12679647220903623
-1.5677812682330774,-2.790717841360514,-0.343534188518128,-0.061963673528651286
1.8081845134490866,2.128254348312643,-0.9355594092213457,0.2581995975966169
-0.16401343648299527,0.9213899331258286,1.713220822586587,0.5237383798894011
2.0235983921626524,2.2018143117191125,-0.9054427450681817,0.015472901669816186
2.8931108691903287,2.8873452497678196,-0.09301606479520041,-0.23588618139522108
-2.793259595719149,1.9678134404905476,-0.2617138225025484,-1.0761819026932762
-0.310948943458524,-2.380317552766901,0.051738470497655675,-0.7412214080917723
-0.8122993823093094,-1.3539095984173395,0.12698075306003376,-1.5537878109571364
-1.0335146437434504,2.181044412000886,0.922543501687312,0.052649002468089234
-0.5538634341764426,-1.2648373614147024,0.6051257656230526,-1.4954057289492741
-2.92283406346512,-1.8594832501271676,-0.9062962538157316,0.780538043766534
2.5070802240432286,0.2863472207314359,-1.7453610937883721,0.9339585931668872
-0.21325170546599814,-0.595977604501853,1.6674043241131753,-0.9353946303826912
2.094900419288507,-2.498035367046781,0.41939811038711583,0.47346873268264084
-1.5122429203496595,-3.096226442766831,-0.045212721505016956,-0.0036810248340835017
1.59326639672532,2.8918198329933444,-0.2478186555054498,0.025469793901513382
0.33292205216044923,-2.306042744925528,0.5535332641473252,-0.5933473298453664
-2.1086826057726826,2.8404421150674315,0.2316779985466324,-0.19061376122387785
-3.0015912127864612,-1.753666388065456,-0.9473603035607944,0.8595367400474725
-1.1178689973962257,2.4689627703181065,0.6555389084714569,0.07679235901791626
0.7069937248730014,1.3028520644050205,0.3352387654009027,1.5547071103461314
-2.900787181449792,1.6995817003538107,-0.6099122609710133,-1.170960158982874
-1.69314366965187,0.5838927076581917,0.3232899666959281,-1.887890261387327
2.422201730691458,-0.10931072212794479,-1.4280404936108453,1.3959811631192656
-1.4529922394096184,1.5782486208346143,1.109697469740186,-0.8681400091753536
0.95933745555985,-3.0841866033428227,0.04792455488275582,-0.03158776253393414
-1.3476393287721382,0.620083095712324,0.9681112863761008,-1.6402502497593294
0.33206424000937096,-2.1458403587123773,0.704775473953563,-0.6446301641315275
-1.064691067235127,2.898233866559681,0.2250406970818481,0.09104106237654397
0.3265358445261133,-3.136418118600127,0.0016724768232232456,-0.004896792204062805
-1.6424104669086277,-0.4914123787225355,-0.6053009373838155,-1.8430803912997678
-1.7198504763872713,-1.286652138404748,-1.1393920450779542,-1.1235915117661412
-0.6149844347168067,-0.34737836852307824,1.3883652257722998,-1.397490204120515
2.990225597456079,2.916845973824543,-0.058466749727642986,-0.216518943469616
-1.26642333967037,2.065837958852673,0.996821558346327,-0.2370869234713705
0.03423932215842029,-1.2661221381768195,1.3318764943958061,-0.9088838065676502
-1.3264780732519508,2.0569753874289844,0.9867375472742388,-0.3030623231080303
-1.8674898759966367,-0.9747939739485925,-1.2479003473087427,-1.2511681992309276
2.4128006041301546,1.4609123517003875,-1.4897381672165668,-0.0024791148875673574
-0.5230880593762492,1.9725486814284299,0.9873188482496377,0.4930902085109658
-2.471733078307099,-2.381502850659805,-0.6435271334047274,0.3692215422534426
-1.711454134644954,0.010287021095422677,-0.2701962479785177,-1.9816377483557674
2.433902978323407,2.7619751914759707,-0.2949945468108546,-0.23529832094066527
1.5796529981615945,2.624234529236558,-0.4957254061411179,0.12648569595139691
-0.49838046301962136,-2.204651923345521,-0.027006106283390285,-0.9026400565135533
-0.40148309450386543,-1.2214587457624524,0.868360552310629,-1.3894246647891122
3.006225916202383,0.4812739500496477,-1.9316201543421088,-0.20409659100995528
-3.1407830599045266,1.511391347420708,-1.0585615333030907,-0.9990933751105806
0.7511005977992591,0.5765090651751104,0.9717349576100409,1.653019208074144
-0.8441858497201773,0.9092607782942359,1.6622233972774527,-0.6824014783369626
0.25700852002921826,1.152926497995412,1.1273231591548076,1.241278164675788
2.8178866072829942,1.8898816777257652,-0.9526837826822361,-0.6819070218761375
1.262516265115769,0.013398327542537558,0.5940469220988157,1.9096933633045503
2.699293558115839,2.828338736070955,-0.17587753909795867,-0.2576728595099405
0.49637367886621764,-2.7952116409931085,0.2139063049245018,-0.2702389493787477
-1.8740695745298883,2.8732050117089143,0.24238393742236825,-0.11336051710713568
0.7857911616583437,-2.974397544998582,0.12757741396890687,-0.10776431986335888
-2.0842275684919427,-2.8720765299783033,-0.24966526678130047,0.09933557976145346
0.21688570972734356,1.7828854855203362,0.5606335720257539,1.1245819611749361
-2.7129741731668515,-2.446161589213059,-0.4775069104005781,0.4862427216280238
-0.392493370532236,0.4220723539609357,1.9235208089817233,-0.35291870150462895
-0.5954552075649295,-2.7618696660660484,-0.14892664983581638,-0.3468229431349136
-1.037383288660299,-0.9569582973013953,0.09748016381487457,-1.7727142325693177
-0.22473412848719,-0.8937943539624187,1.4118598779323497,-1.1223055377848998
2.2124074326624212,0.5195211675721398,-1.5157416094537668,1.1994337740697203
2.6188563705206134,-0.7358523252081892,-1.1736167036420881,1.450910639664696
1.2084510356459912,0.7614941234075783,-0.03416601095598365,1.8564601855417817
-0.9330295673793603,-2.0565717256466183,-0.3930688515979681,-0.9548342723053528
0.27357270828355107,1.4269554380185392,0.8334435734788235,1.2617696227234492
1.5357437962928238,-0.5306870958907877,0.5710857024118118,1.8435780847282641
-1.3829129916385703,-1.7665017743950828,-0.8131895078159275,-0.9745797533033833
2.6716637836046324,-2.58260405994995,0.10443630365460155,0.5417649057762748
0.5921887994095627,-1.0863632323138597,1.7100815073579367,0.0838734349498993
0.26903227154173015,1.296402833915118,0.9693897642981276,1.2657842721012762
-2.45584337663067,-0.7864711598441043,-1.7688766204342319,-0.5327014211649255
-2.8539774270755163,1.6788830605863554,-0.5734670804177296,-1.2063924364672207
-1.9426556607765415,-2.8435756434799027,-0.2895730781779263,0.065621523655217
1.7358318744825345,-1.107363943644093,0.6446417743807017,1.5743186289012112
0.7450014149471138,-2.478950379174277,0.572657163681032,-0.3087472550177688
1.860015114778319,1.7395850774046453,-1.1821388140835212,0.5163050954880843
1.69884541732553,1.5466055298423518,-1.1223110232450566,0.888141228842997
-2.2374377258875797,-1.8387429266201114,-1.2124998170645398,0.01845147076554199
2.1816794423999957,2.544994716281747,-0.5593063881258951,-0.18075617847698167
-0.9114346223205465,2.0087584448329734,1.0685920019451083,0.0996068461188252
0.6725626440478978,-0.06853067097974375,1.605280017025968,1.190958207428055
-0.4852274105479868,3.0751463617678514,0.03292040000057184,0.05770383667431045
-1.3584864648120454,1.2411490162978174,1.2038423144453985,-1.0946151744055446
-0.1551246339787795,-0.6611775761869394,1.6729124426157527,-0.88312136402064
0.9638912806639661,3.090904409587184,-0.040885848373656164,0.029951551249086328
-1.237783072573408,-0.1353848929652961,0.5232366294425778,-1.925596619102434
1.676217810026599,-0.41012706659604925,0.19478601234141077,1.9483836224832456
-1.6100004563917127,-0.07722027938725828,-0.1553556597775942,-1.9924619469197729
-1.299312511263386,0.838183452791998,1.1637118838858043,-1.4083335747387191
2.4448477982537726,-1.8542794187975107,0.06368916749106168,1.1985578292491836
0.5584513917615164,-0.46845872500350216,1.8440300861551644,0.6197447408915812
-2.678088786030176,-0.7485752538339994,-1.854133044315519,-0.1658590673779562
-1.925785232856903,2.4841013990885052,0.5005683757164352,-0.40789153611385565
-0.5003052419831304,-2.3907631180593767,-0.09134639604092898,-0.7276053110650951
0.46303193870593296,-2.3774234066824285,0.5578280917953793,-0.49488680384400724
-2.283924593137221,0.6037281373033196,-0.7633849713693995,-1.7503408309213473
-1.7661959853561382,-2.5406976239659538,-0.588632612315894,-0.0620630518358376
-3.07414363359292,1.0999119268132302,-1.3903064097503548,-0.9871156514229138
2.227189332923878,-2.4102043634596457,0.37303606963755265,0.6102035223930229
-0.16810540515475925,2.6561214933813755,0.191989307099794,0.44071501196617346
-1.5634742892153382,1.8614703785450821,0.9632487388276161,-0.7063679883980774
1.4712390886542153,-2.3822806987477483,0.7123159186125879,0.2049056751211612
-2.121777748782079,-1.939736407347378,-1.129406270867125,-0.05645707259031674
-1.7964881011793206,-0.9176343109656013,-1.133798068773566,-1.3892095416516774
-1.3214005116656506,1.4849121308333872,1.2334802445899593,-0.8062777391574747
-2.200145939809319,2.4198232920873703,0.3873487070250522,-0.5904957688307783
0.9640890076266597,1.404850284136086,-0.14589552572673425,1.5195675035869178
-3.005818576340974,1.1851467635712325,-1.2380801651967936,-1.1043005242465864
-0.6726679088915204,-2.4607044826591657,-0.21780406954328235,-0.6312951088030397
1.4788891218673932,-0.1628435663526555,0.3437821018613333,1.9635056373850879
2.4033361030687885,-2.362098954548141,0.259506846559884,0.7142248670710103
-1.4907916900189724,-3.0779564354734053,-0.0632280986404898,-0.007099957699334469
0.8353577668782557,-0.4255329622374604,1.5881030716180882,1.1399852359806615
-2.1595628575466517,-2.7614902337788227,-0.34818248673375984,0.14668222022109412
0.21333336087832055,1.679149054712382,0.6611640024252966,1.160422547561194
-1.2290773697756991,1.3761098665435272,1.3243173352296767,-0.7956767255720384
2.791195045872862,-1.0529964952773492,-1.1058577522215043,1.3292922208970883
-2.0430188388413253,2.913610017764497,0.18950789294785159,-0.12584953051901904
-2.490571985217956,0.15312181295605365,-1.4891947952135443,-1.3262346501377131
2.809997936154951,-2.0353914891252347,-0.2308280296668409,1.0249861445805564
-1.5729997454204723,-1.0213143178816697,-0.8561472263211273,-1.5203628002261145
-0.22192698051087412,-0.6610546379754485,1.6103253796471506,-0.9927449438753623
-1.9772283083617035,1.615074825783319,0.5398015441061393,-1.2728260798034583
-2.8023181208044363,-2.848730754445698,-0.13622935383012247,0.2580666410273356
0.17979886784322296,2.76163905752792,0.003843855133920937,0.37765265957410304
-0.8402279525804266,-0.6276384964748991,0.7700412897173566,-1.739502645841574
-2.995644665457444,-0.31463617074224315,-1.9751743393235746,0.02245889213184918
-0.8150428825022318,0.3754828447894254,1.5907761590817433,-1.153296376927221
-0.9782430795475485,1.3550412861760481,1.4883282882895377,-0.46157226393560463
0.9807426647445201,2.499188141933261,-0.3869019558561775,0.4989909039996892
2.514432220767378,2.520767700563037,-0.49246360551293905,-0.36149950362757377
2.4258589919345868,2.70634039796799,-0.3470247039177515,-0.2569950082439352
-1.8155602246288667,-2.2557087399869182,-0.8404206930064527,-0.16876817938187239
2.1800999795290217,0.962103745379288,-1.572296374894758,0.8194356624988486
-3.006627658213718,-1.647403359218428,-1.0492308859893051,0.8637420324980573
3.0555480245722535,2.1971545375278883,-0.4818955161505122,-0.7716089216918963
2.6075352755314425,1.7471671361452188,-1.2108569938935305,-0.4276793757864682
0.12096991322758299,0.49113001719232674,1.8111352881556115,0.6952624886109796
-0.3881428128265796,-1.7137363963191634,0.4191461822592868,-1.2407291628162307
-1.1227861341525998,-2.2980217870702164,-0.5280990496618378,-0.6257094245751063
0.07649125931285061,2.1333706874304355,0.40063025122843343,0.8790701056860345
3.067290260096857,-2.5160569946075766,-0.1453615851350274,0.5979722639354998
1.5908637076069407,2.005989420828338,-0.9182125628135615,0.560102383572948
-0.7466939097109218,1.086494410509073,1.676759602468235,-0.34591700303187123
-0.07494631619867143,2.1741782614515826,0.49300987547993913,0.7887206871724569
-3.114061153062885,0.2837516943552947,-1.9515623684390397,-0.333808437106131
2.384280739939033,-0.9646027993062072,-0.5761414034051382,1.6755738667257032
-1.7512660513690173,0.009338567601660408,-0.3497887808923121,-1.9691522542837563
0.5543838807540036,0.4451296796417128,1.39093650558651,1.367627621025897
-1.6821960871311643,-0.235313113480339,-0.4509776169969503,-1.9342962450811232
0.8061721316593911,0.7844373153783293,0.6724540267047088,1.721446291817224
-0.06079295663251383,2.055753417419692,0.5865935457741489,0.8506275422979104
2.8121591928095473,2.1240716158522295,-0.7242485409984869,-0.6515448423864372
2.603622606144649,-2.1594400646966796,0.044211660118699814,0.9421137153694502
-2.0526631125355803,-1.0443003876431622,-1.462438484047621,-0.9307456747434473
-0.5723274647840038,0.32941156275213945,1.8112834502525161,-0.7821240184757448
0.3288465496983082,0.5828901765666612,1.5587891543463481,1.1135200571089912
-2.666602983906239,-0.7095360960856123,-1.8619172987491117,-0.2249274057319109
1.323992508511945,-1.7293294855722472,1.163275450374419,0.5753697649621079
-0.2046533104790127,-1.0924208014700088,1.2494484432600304,-1.1659991079801102
-1.1687662654870745,-0.7233483224474542,0.07546972179630662,-1.8690884660559166
2.268160571620731,0.8119005416445133,-1.6403070470442693,0.8280302485989698
-0.17832737041945368,-2.190212499823447,0.26835958899294754,-0.8757073348465317
-0.583250774403818,-2.4753686744018406,-0.1618829668720122,-0.6336182197306903
1.901731394898917,2.0896400554438337,-0.9850768160244674,0.1946045313389968
1.3949667293752306,2.884101184725891,-0.24496222926969743,0.07700547645217304
-1.368792580139017,-2.795768753053669,-0.3202012772571393,-0.12600855696175672
2.135969573173127,0.7533273632868105,-1.503904029357038,1.0941234830941353
3.1052041242703208,-2.4395772540453797,-0.21280819597767253,0.6539328055133302
0.5356582632285387,-1.550505763204591,1.3876823045257982,-0.3389928677053222
1.8465537691766452,1.5419560744930685,-1.2419463563758848,0.7178034248757105
0.9436821578283867,-1.681355166260334,1.326846097352595,0.13715663607238826
2.5291175681539793,2.743208252032929,-0.2870949287247532,-0.27239425695400554
2.0068019204601955,-0.962861854826762,0.08049627654657387,1.7708378853164986
1.0183167954398584,0.4656339663190665,0.6115359204070714,1.847457176813311
-2.7094629098272374,0.015929604527565644,-1.8093653837391637,-0.8520229816101393
-1.4712579101808132,0.011144756018677704,0.20983144740682652,-1.9889310092052015
-2.398282121765809,-0.569413362607968,-1.721150216403149,-0.8497509810552664
0.2452394152720685,0.5402014981001053,1.6771557772241148,0.9499255928637529
0.9693717395292261,3.1359158118297703,-0.004671586293279351,0.003225325925715894
-1.9924290575234085,1.6877796090039858,0.5447014249132136,-1.2123807448298285
2.231742768628764,-0.2716180669631325,-0.9934313962130087,1.7145757936550896
0.6666034945466541,2.442635229739576,-0.21355033434340787,0.6506684407137506
2.199230570735871,1.2087320860183626,-1.5526116410933817,0.5457177727066704
-0.8724652277793887,1.9598527718972543,1.107740404528955,0.11949941043980972
-0.3001014137726248,-1.5747959203679884,0.6558709618194478,-1.2497336178652885
-0.27818358300617696,-2.9589376458318304,-0.033884784847646454,-0.17922616898952937
-2.276318630854295,2.124332810026222,0.3400408372437278,-0.9126743359237297
2.042761988659345,1.6859666878955926,-1.287168605375181,0.3366973956289837
-0.7121253659837095,2.5211397749965023,0.5210033733284202,0.31831590493617157
0.051045951897191966,2.6140654454748997,0.11008312742842818,0.5096790018137832
-0.7879634405326579,-2.482474200749463,-0.2864204296041395,-0.5804295872324559
-2.6400561624529937,1.6989280446171966,-0.28796826395789854,-1.2889963067718817
-0.12842067093882115,-1.1416591120796118,1.287970063135324,-1.0831924698113393
2.799095264048031,-0.4352028932841243,-1.6544478797025461,1.0374831362171988
2.951747278239341,2.6956037347231323,-0.17745689384120555,-0.40514192384026504
0.3591810582662194,-2.8325996180556077,0.15123078107005272,-0.2680460975657605
3.036264874410273,-2.2132104977178195,-0.314473322031094,0.8383593136842687
-2.27469432075357,2.906750108646464,0.15962050935401007,-0.17152058135481185
-0.8094818295309714,2.0995245404177094,0.9669534812806296,0.23691709998403654
-2.47193194052584,1.8759280440782282,0.04355307568465305,-1.1820598581002222
-2.715272721183731,-2.0868748490886855,-0.8208555904147607,0.5824514698169198
1.9489482952880923,-1.4973239855789067,0.5305357605650264,1.365776086740094
2.771973252508621,1.4578030463946634,-1.3965599405570184,-0.524524851890339
1.3538172174630283,1.232991829469083,-0.6347338950821347,1.5033116183207387
-1.0336178701272454,-2.5038272791699647,-0.4109542955715825,-0.47356102277269935
-0.2723509020705066,0.12042344648875325,1.9516223802701747,-0.4203400945593943
-2.111460657518416,2.9406835472517514,0.1607433298924026,-0.11996024032269592
-0.16505743960701702,1.9597399041383383,0.7643884815469199,0.8107330218647527
-0.3893336373955347,-0.7986909657298571,1.2986552409133696,-1.3072049865892938
0.6525685138275223,-1.5705224952197816,1.4019734478084278,-0.18713127687143938
1.9782283325741172,-1.8857863272817441,0.5994774244440484,1.0104518247593477
1.0811412949157218,-2.0805088497240813,1.0111558655200554,0.04136605208841593
-0.27679587214522217,-2.02200046272153,0.29655802284507804,-1.019781535747311
2.658663119306995,0.30184888787460595,-1.8692879713157233,0.6444683281637995
2.109635571301564,2.781317405119106,-0.3355234695722399,-0.12579487589319405
-0.6835371884382799,-0.014399343774508022,1.5415135800770519,-1.2741775955177508
3.071975550369296,0.7551386510753688,-1.7716666805473809,-0.5635159388891615
3.1232179909270457,-0.9038287504028468,-1.6038968390563766,0.8153081883837688
-2.2511226471631076,-1.9238057604741177,-1.1410029757941222,0.08164403597821313
-0.318954696982769,1.3804755537222455,1.4371085060782223,0.559523827284257
2.71744245145542,-0.7037228205279487,-1.339971298875286,1.3150490827121764
-0.997199328110483,-2.182909484682572,-0.45660147651372995,-0.8014478403344489
-0.04467081657435479,0.4654312625848269,1.9117810214995117,0.36379872851242745
0.3700827543467793,-1.1355738494955396,1.653339586065243,-0.3311985975470663
2.236191307220916,2.588564743715807,-0.5052391460089471,-0.20702046316567435
0.07574274788415192,-0.8827757107856229,1.6887772709573765,-0.6465678754611749
-2.6722643827670662,1.9377452024855852,-0.14971920479128775,-1.122517682097595
-0.19180073733925695,2.0877140113813644,0.6622429490700266,0.7569864581387676
-1.0446574797697936,-1.7721880429715273,-0.44553328843026074,-1.1838217196720457
0.5223425340348204,0.6650022106091336,1.2407764569106796,1.4262905125100156
0.5477602435494346,1.471997309725185,0.41966313582751513,1.4216749193341514
-0.6067081198141206,0.9961824230516081,1.7466381803014146,-0.190464037061782
-0.9764104161374525,-3.113319746654619,-0.0231969669106179,-0.0161618299230476
-3.1289845560900678,-1.7678287508541592,-0.8165398662054051,0.9704342174225241
-1.7974234531097666,1.0139493557401682,0.4837738123843547,-1.6801747476187265
-2.908315017702625,-0.30662610643217825,-1.9702251457703708,-0.1578848980422653
-0.26730846191032764,-0.6315577476832428,1.58698301944461,-1.0467580784767234
-1.7515674851854173,-2.623283552896117,-0.5109531867879402,-0.040132468304391544
-1.7120173686540832,-2.4579296006280584,-0.6569810961901644,-0.1335942707176747
-2.462088169156727,-2.4763810379273954,-0.5537249696314241,0.34614488547595634
-2.0706837259206408,-1.4246578247747228,-1.417407345189877,-0.5312195387902706
-0.12072632272863215,0.7625703403731263,1.7937145801430703,0.4782402287763881
-1.073159107514543,0.31859719956487087,1.2059223599290774,-1.5636824415344095
1.0234078916875644,0.1579336788137602,0.9001430837072046,1.7790028626064318
-0.16787145865204023,2.7138555639357733,0.15813539671212296,0.39392850958014625
0.6763604965121965,2.3128931240379424,-0.20856277445624516,0.7777093769482942
2.0314906440012086,-1.3805858129284756,0.35096573670064063,1.501650520014357
0.9243694583058986,-2.254767283118987,0.840427724049001,-0.17300205009916536
-0.2541450468586408,-2.7530955164069573,-0.023109725566935246,-0.3853662780143827
0.8030218755676759,2.3457685710507885,-0.30543832526464576,0.7122604424507779
-2.2191059373521433,0.11116755564008418,-1.1155224610839265,-1.6562802103790397
-0.42829477748057565,-1.259709347660746,0.7927356629576708,-1.4084592341131983
1.5263254237301451,-0.1005127324642725,0.18893248340122298,1.9885196026259635
-2.8793085001813625,-2.7553128138192715,-0.16884821697796748,0.3447553380870952
2.3034294328599882,2.670689335128454,-0.4100776283405112,-0.22252795515003432
-2.689290860304773,1.6917116514567727,-0.3571057708480315,-1.2771975845351116
-0.021681196917332723,-0.5580187048950256,1.8363920452945206,-0.5694523895214959
2.7501543628175353,-2.2620984366360535,-0.04111515973893998,0.8504279892815185
2.532245812118754,-2.053924749659096,0.06774695441508949,1.0326212941762574
-2.4570434759728723,0.022134388773357383,-1.5352236564885091,-1.2816389559443282
0.31877924001220537,2.0872393230840087,0.20817306749039943,0.9844204609862468
1.3380938804477873,1.971092979786877,-0.75538096304441,0.8062359948125983
-0.9947629617704616,1.816583639805013,1.2255905882726057,-0.10624315222435399
0.6042735961852048,-0.16316652562460998,1.7271945953759913,0.9951052853684528
3.065265393819959,-2.170557357699736,-0.3713419060246591,0.8562795885053828
2.024875658121216,-3.0520024674303805,0.0786447732023931,0.04284896669471594
0.10251292221405484,-1.4314424117436746,1.2342656914142063,-0.8685590635207423
-1.9049120141312084,-2.0050374442482943,-1.0469874734103624,-0.24974604309585335
3.0428187112938554,-1.7258010597751623,-0.7440624292312701,1.066584056860723
-0.9797091471722452,-2.3219955055970294,-0.4299453579647494,-0.6709065495228044
2.667230468271393,-1.9529900129236388,-0.13399324383720446,1.1118148508424475
2.7442846821993845,3.019094528662296,-0.054190470333548846,-0.10977444347300186
1.0197900194530254,-1.0888567227917654,1.5211607090357802,0.7829863005028392
1.185020614046854,-1.968582981696599,1.084681645595116,0.22069934108367606
0.7888143570653234,1.9009985022788136,-0.19498448137000435,1.1460857190218177
-1.9434807031337489,0.8214568102373838,0.06974300477245704,-1.8323336484601782
1.94587889617185,-2.598528944571111,0.42812787253874107,0.32318343702021834
-0.8105641807580475,-0.9029135622173929,0.5468919033524597,-1.7145143245025611
2.3423287792402316,0.7972641767217219,-1.697232585357802,0.71884272920057
-0.511870624888231,1.477694949453392,1.440568832511961,0.3327090519759161
-1.310493327732506,-1.4137539742861083,-0.656794827003854,-1.3716471276185314
-0.2803921106010536,-0.963279036819022,1.2822689935111538,-1.2237024658367037
-1.9075846239623953,-2.7111423768531457,-0.42398262651997176,0.0517960595782474
1.258364573826742,-2.7669822057980924,0.36951220896871245,-0.04647860008595894
-3.096517207580605,0.47757972195505394,-1.86548109605896,-0.5442427728827
-2.271488553162062,-1.5263596453417927,-1.43702945321217,-0.15424158937987054
-2.0294524169454506,-3.019834780747044,-0.1121822201674681,0.04713621881385521
-1.8288355167546297,-0.23407586552716753,-0.727676168797122,-1.8482276921085976
-2.860104935358725,-1.5922018076048494,-1.2178032600136839,0.6885837113214399
-1.0442105409020304,2.500023432585869,0.6173148252974292,0.12886864752228355
2.0351166780988352,-1.195137444816083,0.21966307622793246,1.6387553879159893
2.4887388900276877,-0.5646837316125488,-1.1403107390965224,1.5457060538327254
-1.3070383887045431,-3.014996130769087,-0.11980587354329442,-0.040642824066674854
2.5311142727783835,0.3515721278588928,-1.7860444564034004,0.8292829105666456
0.9369866366951607,0.08488066340969525,1.1139927078924112,1.6588610081550654
-1.198419126485522,-2.4210381377649832,-0.5241482410873102,-0.47158103512268906
0.9976608571716703,-0.8677192338747468,1.5338386063761724,0.9697810978904098
1.1732789564800212,-0.47844258108706406,1.1552889655383638,1.5622846945650508
-1.4927194470438485,0.761452432904878,0.8223264490184741,-1.66476679447688
-0.6078657614033105,1.7237421571887719,1.2602591755677133,0.32717938030767857
2.307835661147429,2.8518703919101274,-0.23955046367127975,-0.16114918078506013
-2.872930328520153,2.1104768079151732,-0.2409832861357818,-0.956139756108372
1.6103663562262964,2.3140906685306604,-0.7484558749549567,0.2939043569462919
1.8479622555274355,-0.9700693043991224,0.3651428703489245,1.7312294496748672
-1.9212791766029822,-2.7149250563988745,-0.419462414651837,0.057892310309447415
0.5297465743896046,-1.0595781304148573,1.7258273702216114,-7.333181642799058e-05
1.2711376827973924,0.026179581282046005,0.5652769146809835,1.918274401225263
1.5185437524253134,-1.231990886318913,1.0114526957025576,1.2812824825804257
-1.1133698204207962,2.7418639395346,0.383974869365872,0.1011439174291262
2.571194238008103,0.32151246630813546,-1.810873351483051,0.7862918207255069
-1.0190924838768138,1.501793950896996,1.4098832438702875,-0.38745903293932793
-1.7081249647417156,2.1755705094078097,0.7558248614247858,-0.5399778938841222
-0.7260866173143494,2.5308301956222623,0.5159593620911089,0.30881054403864083
-1.0252663149190924,-3.0364855157424055,-0.08682226214528777,-0.059154360305529785
1.5785551757537855,-2.533239795930674,0.5701074069032903,0.18383836657868702
-1.1731035876703482,-1.8913554814827378,-0.6097345000101352,-0.9990141529543907
-1.0736871708781526,-2.8009428263195177,-0.2662588714439915,-0.20983493132902797
-2.0867680594437537,3.1150343494346817,0.022924070141614405,-0.013408544648436882
-1.4535032222691573,0.10660792220124726,0.3390592977348405,-1.9681677528961594
0.8343392401315675,0.9953295565614546,0.41567660017426505,1.7075320924927018
0.5381675506183261,-2.017892630449924,0.949594777743349,-0.4832924578557718
-1.7705122303572627,-0.9122453299457591,-1.0949599369217304,-1.4230269679500271
-2.4207930140146208,-1.852108487971474,-1.17675392312947,0.24498421284952143
1.8713392258482031,-1.5673562287889828,0.6581130439171732,1.254498865630238
-1.187600290007739,2.675911145910244,0.456278582494137,0.06912558281827497
-3.0983642392386925,-0.2000851622274391,-1.9867889805150678,0.11299936828548024
0.7712969261276776,0.6615818995767571,0.8544879199327607,1.6875701772176326
-1.132562979016067,2.0403991079711075,1.0397931152267275,-0.11732891212964847
-0.908699994756816,-1.4426511978019634,-0.08890218292050323,-1.4992284030099539
0.47239766885217005,-2.215522243957929,0.7190032806499109,-0.53016553038297
-0.7595936189281183,0.8659193840812769,1.7194686546273334,-0.5825012886774122
3.047604707303395,1.2667462963533316,-1.3831968342948557,-0.82797363856218
1.8947212866483554,-0.22133039310093494,-0.42070452141134335,1.942735240541356
-2.3162197290277238,0.20294605482497952,-1.194542241704126,-1.5912331389375929
2.26054308377382,0.30981973127196705,-1.4775785274897375,1.3120742315086509
-0.5064704135689184,0.7600891462741313,1.8424729223523912,-0.23418521849146773
1.321080882261164,-0.9687338514030612,1.1856935744755175,1.3140843803719067
1.511851269922186,-0.13479646653466348,0.2514426848281778,1.9795539863491887
0.639875268352565,-0.5395287623092844,1.7971397534790712,0.6972735755947572
0.17564256438525083,-0.9253689319461658,1.7164898198883436,-0.5066976688877389
-0.23168487170548868,2.2029444751686773,0.5834358937175621,0.6912627846075013
2.437719809252859,0.01798936516966254,-1.5362012943107322,1.2805319108972153
1.44874221141251,-3.0295189467610304,0.11177105392386907,-0.007389557318300488
1.85828291665627,-1.9495529431570526,0.7122949171277968,0.8678162005187317
0.8726316423797948,-1.81384627347025,1.2316195812843271,-0.042250638152488196
1.4842267526827229,-1.8159100264559753,1.0319570354156353,0.6706201771830909
0.5076684713211765,1.05649747556215,0.8805106650671126,1.4861191121177528
-2.457766885915056,-1.8124500233288512,-1.2030650618598604,0.2720611311922796
-1.731818983199232,2.966933640839998,0.16908515138333266,-0.04287786095854185
2.2557391451140463,-0.9839383701372242,-0.3380682561537504,1.7300880650148998
-1.3527781084226074,0.013022713759303084,0.4452861006443035,-1.9497565745231076
2.7115342693039493,-0.4195789419948315,-1.5691969815548739,1.1679648682293715
-2.7387584193273833,-1.2586483464839127,-1.5755575802248636,0.3630776241620359
-1.1938040439754494,-2.532390924293361,-0.46580598623693237,-0.37790827363324175
2.587899224531541,0.8013590150819829,-1.820075527842734,0.2806909510233543
-0.4419405045997662,0.4290297280929489,1.9038400798832615,-0.4406047546095231
-0.9856874799535591,-0.5887817248015561,0.5486172562837036,-1.83364523078117
-2.1513264369822584,-2.8683491856324586,-0.2459937821859859,0.11698577707906566
2.795770485711677,-1.2249246977445285,-0.940846541300879,1.3389702836417268
-0.11835862851814527,-1.1550858729812012,1.2859930660837535,-1.0741982065234397
-2.503789856764484,-2.8087489761738302,-0.2386398347050771,0.22981935863206937
2.6342469713617485,-1.851617058420088,-0.1649756912465159,1.191005614309315
-0.10662513892337655,-2.4133446512438854,0.18138647873136082,-0.6887784266917704
-2.137716108338102,-2.758675004620164,-0.3540706519256671,0.13956015221742213
-1.8985610465339566,0.08883320125190108,-0.5585921851116284,-1.9183557076717674
1.3990374564099657,-0.9580634103118806,1.0752519517511527,1.4121062054206615
-0.12020318871323088,-2.167007400506083,0.33609963051378644,-0.8740792036236601
-0.052768190802835235,-0.6646170255724098,1.7521353873828946,-0.7101603162987693
-0.6746668284176573,-0.5035183753388055,1.1635172735047727,-1.5485503619387926
-1.1200981366465683,1.3009704453590656,1.419281260776759,-0.720255473628209
-2.9015671397875344,-2.4604526957428305,-0.3664394155669539,0.5585797368764425
1.2581797193882203,1.140799299863918,-0.42915422406697007,1.6277477851265503
-2.94006695848268,-0.17106090409642682,-1.979298312604214,-0.23062446058784278
1.6422236793687723,-1.0793673462309616,0.77436777952178,1.5310542216144134
2.730780998285544,-0.26767379807762204,-1.695321150301233,1.0269682157427933
-2.085776323108834,1.3689262825811017,0.26136159102715306,-1.5273158216610148
0.1213003917403932,0.8476135680489105,1.558847180360806,0.945274434824918
1.7746042586778996,-0.13604389760998048,-0.2701120926673862,1.977007851031427
-1.7706930870241029,-0.41162113787048016,-0.7726790897316743,-1.798864602704381
-1.5910144507697348,1.5798019736897269,0.9797203942700697,-1.011007862837049
-2.2881759476984063,-2.0494908193837675,-1.023426426733251,0.17707834776409737
2.055789448802563,-1.8915699135915758,0.5203439734178905,1.048160571915058
-2.7162934830240566,-0.5743397724819785,-1.8998293314614505,-0.2641038804936098
0.523856330936733,2.863902935492411,-0.10395709814985277,0.25653509874651703
-1.0206162454528953,0.8283076591283094,1.5044063658275986,-1.043555813261447
-0.4700967952384314,-2.961162137040052,-0.06681480371996307,-0.16734016003750596
-0.37601508716754184,1.183899727345433,1.6211643611660929,0.35561013110885237
-2.747175088319338,-1.5191675282658434,-1.3546226370543115,0.5178892174962659
0.6097535567027483,-2.4891124326314173,0.5160997832654652,-0.38010564670324765
2.2462180931433595,2.4691161827288806,-0.6222812458281678,-0.21955234157831083
2.876132016156201,-2.7051724573178544,0.020450219493504562,0.4324817956880459
-1.9105640919715494,-1.9235628993379508,-1.1028984824154673,-0.30434235362013917
0.4734403026026883,0.9759662460396274,1.0110968242338167,1.4485921676251465
0.9480806512458129,-1.2109574497087048,1.548889656424251,0.552437961025211
2.287741261683583,1.8358251111718014,-1.2124670771462858,-0.0777784776253515
-0.7557790142810688,-1.8822932617739445,-0.1481518959240402,-1.1683677779820514
-1.3351880487918106,-2.3998030294845147,-0.5956106318405208,-0.4131908341493068
1.1527355248245588,-1.6540549572380012,1.2829382557922449,0.4332949194244375
2.59953065721254,-2.5585216640726682,0.14251253692942145,0.5569009892973799
0.6631209870082158,1.5941301225705864,0.1542759042701065,1.3890772435378307
2.107816267016503,2.3373480123872303,-0.775633349816022,-0.10527041675636462
2.4991560212731843,-0.016889375498708947,-1.5910435205208815,1.21173234321132
2.3826573928576957,-1.3493492650547643,-0.21358914294531328,1.547146674993778
0.9180904438122006,0.6971668651240783,0.5628919618506311,1.7934550959099935
-0.8231147305474775,2.825064286954528,0.262021808212114,0.1752171826876281
-0.34105083529887414,-0.2848249240206262,1.752854109259339,-0.9202848446997659
-2.1100640442545706,-1.1817500141886106,-1.5022457361413173,-0.7084278966477348
2.218443791522013,2.8546380022844264,-0.2503893670095952,-0.13814722209869468
2.7394206877191767,-0.8584173843963576,-1.2254687594003375,1.3436883447619936
-2.1897709514928705,-2.7936713137000364,-0.31245391057888944,0.149015609832025
2.5837274904995544,-1.7841674818204958,-0.15136490300688998,1.246425713930851
-1.0117741890841834,-0.9931720555653212,0.10971811010203819,-1.7550020808474949
-2.376715299849163,-3.001525681440824,-0.10373792658620073,0.093942246131416
0.9759508316520007,-0.14790925602611082,1.2367004425570562,1.5648433539562645
2.852477204814141,1.2994905705863626,-1.4900394588568944,-0.561926800035488
1.0188276516509358,0.4250506605912636,0.6509421112562976,1.8434505836972999
-1.3158880390877536,-2.988371076592858,-0.14473683095957074,-0.04982175363960484
-1.3562526123485958,-0.12799567541783619,0.29934165645678107,-1.973330695593539
-0.5474296034484505,-2.888957461173758,-0.10299667726181583,-0.22995104255573756
0.5486956790154398,-2.5449078864339114,0.44050591917526427,-0.38929235893966163
2.738538342114028,-0.9576465242264445,-1.1284205868745258,1.370240732894858
0.7002626604706759,-0.7552425318336669,1.7631619379343486,0.5894663820060152
-2.6559202002869666,-2.2426082407037335,-0.6992948147528132,0.5159228561522717
-0.7455285070329292,2.8781141679106392,0.20202811766050155,0.16794307073896475
-1.69362639386771,2.177866049020981,0.762507733307686,-0.5269303001799911
-0.2508916638376286,-0.854846281264448,1.4171664188997395,-1.1420631893585034
-2.1325395794751554,-0.24630984623726393,-1.2556057870927901,-1.5372350731445552
-2.1834639213200884,1.2014001888710606,-0.019744470359975397,-1.6497620718675003
0.03888722392838462,-2.411819002308471,0.28040174959666586,-0.6562958190779692
-3.0219453064990898,1.0088525858700832,-1.420866797277715,-1.023133236747969
-0.4584857388440424,1.266799837275105,1.5874422527130052,0.2805329781135572
-2.41905895268176,-1.9713776060799229,-1.0665519018648375,0.28733203841240584
-1.0348947515936797,-0.804267623896048,0.24546010236088606,-1.8240140554849866
-1.7211364320466345,-0.39576072164145915,-0.6691335333791728,-1.8432762802467868
0.44018421487498083,-2.0287127945771246,0.8869418598287844,-0.5737366611704404
-1.9414094107420807,-2.6292803001337557,-0.5034125151152266,0.05787197554881818
-1.743427214672398,-1.4174407461455747,-1.1715889606050238,-0.9658621430690539
2.043411228122375,0.9857831748212025,-1.4489060613786346,1.0025427271613088
1.4452301791124347,0.19057101987306302,0.0602773430487608,1.9900148511005766
2.741557464598257,1.5211050277558726,-1.3557665249782134,-0.5111152836753201
3.1152803034264958,0.09123546342795041,-1.99754708492737,-0.03856820018625272
0.2549414696102734,-1.832641938042436,0.9607739712658819,-0.7477873960162817
-1.6337646101529857,-0.04453068833199891,-0.17021872776652458,-1.9922457002532177
-2.7759801594909423,0.7754595610657842,-1.350525115565628,-1.266602031005459
-1.6123943803058964,0.32455321086410294,0.23760845009206746,-1.9593694943750348
1.2274453234103007,-0.9009758281893867,1.2838248685674047,1.262332866857933
0.23480592486151464,-2.5846302223155,0.2699714538042369,-0.4789425700117379
2.856825389474274,-0.9036838379636869,-1.3328244367213977,1.2087262866374462
0.25726796917826844,0.8952087266505329,1.3733142744076245,1.168212227458906
1.1903726348409895,0.6642478801056289,0.09128502818332268,1.8884989736698015
-3.0360343997866224,2.0017607252619003,-0.4832835609070594,-0.9648536534293224
3.0423899049045575,-1.4530488523264882,-1.0136271042335596,1.0988681681251127
0.9670189279142498,-0.8599654773064209,1.5620313092824256,0.9300459396745405
1.1757261170228626,1.6218593446755394,-0.556537761922792,1.2602317481793308
2.147232886747248,1.964610085027033,-1.1101328087236486,0.013382993240092067
-2.9902391254291825,-2.457203892634112,-0.3179406620734022,0.5910181906708996
-0.02986831480767327,-1.4393988724695734,1.1009087745702288,-1.0247142168265018
1.9680971146036175,-0.257035841969556,-0.5267362510143628,1.912287750247898
1.286317591187987,-0.8319034002794128,1.1791754907248952,1.3987441085945211
2.744756188311703,-0.2879881223253675,-1.6968183352983295,1.0190397491775167
1.4693668256447525,-2.5572754376314846,0.5655943087494026,0.10920269691826912
-1.5623941470419656,2.367306682060736,0.7015763607015888,-0.27919468461456787
-0.36143050282464495,-1.7420376891701446,0.42755509880126463,-1.2150659508831827
0.5274514811566036,1.9114441747124813,0.10099067431893116,1.149610941222095
-2.3707460732135344,-2.55246276699477,-0.5080594000371699,0.2811169199649204
-0.7395406809701583,-1.0950015436108274,0.4780794562262809,-1.639368850702464
2.173522592693418,-0.965807576148586,-0.2117341117311345,1.7586001004040797
-2.2144958253165044,0.7114309528595788,-0.5324790206631534,-1.797588052233531
-0.5784474547118625,-0.32825453570536256,1.4536586713062418,-1.3341999410266476
2.1477823523757174,2.477605042455167,-0.6323922450296107,-0.1581071703876299
-0.6168880972560107,-2.4589047099547936,-0.18215333317919946,-0.6442520159409867
0.13842772457394226,0.14293925484757208,1.9511109404149205,0.41565518348811326
-2.6817338147330276,-2.9099826958587713,-0.1258049170568436,0.19384768396110524
2.883140676909637,2.1081811778521926,-0.6914568622236489,-0.7057655470074697
1.7547876755316203,1.8867637825172858,-1.0605573115738063,0.5037319027845896
2.663474709838013,-1.4548165984667687,-0.5335878702399972,1.3952504309583522
-1.5820335326605048,-0.5457127475221064,-0.5398365329641693,-1.8488081735187252
3.116014893686706,-3.091929441844256,3.705259406505679e-05,0.04965809428508838
-2.610813633173226,0.6675739428541458,-1.2263053528545553,-1.4376463375845319
1.244291605875607,0.28009813832476427,0.36712430144772085,1.9460925909348
-1.1092319104815256,2.7641562414671146,0.3613205592648456,0.10110644445132311
1.2222501585615468,1.2105084458182178,-0.41758961077746803,1.5908193511841355
-0.10408184765098216,-2.0439569428246154,0.4488730925120732,-0.9418646927760161
-1.9850176123872452,-2.6680383742354628,-0.46177538115077266,0.08281030144102342
1.0055866289503728,1.4087513009113417,-0.21140942076654556,1.5092977213362369
2.9716525883956715,0.15483942302404285,-1.9854808925201723,0.18422334620972508
2.9565857988229816,-2.9774525328419292,0.01684730790865996,0.16308805157152798
2.369490604660304,0.15077925806557158,-1.5295549311049448,1.2797540257657793
1.3341150264184334,-1.2612736382976988,1.2318259832640657,1.0448984787249584
-2.87815461758844,0.05736969861847596,-1.9144814384312108,-0.575734697751809
-1.4664326848586293,-1.632133911308457,-0.8949002276891106,-1.0375718396504385
-1.4337534993977716,-2.0108541484881206,-0.8178268874915087,-0.6922251258382965
1.4008741608960928,0.03082591214933439,0.3077537902359625,1.9759396354592966
0.12253764901787889,-1.7193509752072538,0.9664875875291592,-0.8774303579696147
1.4157075208788426,2.1907600962965423,-0.7394097878474243,0.5396867793152511
1.99102633097983,2.7164932025078814,-0.4128398842028926,-0.08699301471648524
-1.5908733085143525,-2.7713862677070145,-0.3630949962817035,-0.060470131593810095
1.9149487955286357,-2.7578514529262,0.3278996081820309,0.19478435064273703
-2.7291271615253474,0.1611076090331105,-1.7561027133586107,-0.9435060631815062
-1.8418596439260704,0.20034892559372341,-0.3384115512331288,-1.9609875105993628
-0.22938367601820175,-2.1819316772897457,0.22881726752616427,-0.8944536327576639
-1.9505153860772702,-0.6325514572356781,-1.218696814390947,-1.4587054119888565
-0.5700708515424742,0.6381711905504637,1.8395448072217224,-0.47164398380934663
2.4720503717909157,-0.5985548600912156,-1.0822035771926053,1.5751624988721038
1.7969849595976344,-0.606778159300251,0.14720300083330065,1.9029740337422636
-2.5190141613142947,0.5012931520646724,-1.2445718789107583,-1.484912305346757
2.8489502934718853,-1.3574621644488656,-0.8782598571176321,1.2853400022217851
1.1527494353492704,-0.4055107408755547,1.139544604510166,1.593499346078909
0.5272980422695346,-0.19219491300971248,1.808546247969184,0.8320667949279041
-1.7921669040048243,2.469875208285112,0.5594447174218651,-0.3485880179353702
-1.893684715410871,3.1368106955426622,0.0045311949505288385,-0.0015281856920590364
0.25343078900519656,2.1660884685708854,0.21762098182159217,0.911668675326498
-2.1335125938076,-2.3038609860444317,-0.8050473654119502,0.11661187187328581
-0.11470723830837715,-1.129502214599344,1.3142405205578565,-1.0615986862241673
2.196260547122656,-0.3662458710611012,-0.8417987694464107,1.777282048180211
1.8877288693070158,-2.921485749907241,0.19994110352617783,0.09096882275305607
1.7719434854821108,-2.0437839386706758,0.7634848659296546,0.711333268610566
0.46715141989670617,-1.2622461348218554,1.5930719014020909,-0.263585181475789
-2.193894056505761,2.117312872211322,0.4135155497303785,-0.8885810169503334
-2.836636643091046,-0.4713566122273307,-1.9400474971937127,-0.13461746698029034
0.41776995873152334,-0.8898644940057663,1.8046137386633738,-0.04902949700378001
1.008813235438648,0.010109326690544762,1.0571490773684769,1.6977436881352899
-1.7453273284660862,1.5780073040342222,0.8123883482024296,-1.1513484886045058
-0.9301421836722659,-1.859973729839825,-0.3411453188452148,-1.1459895774068034
0.2804865764030229,-1.3021057188418679,1.4829064379704469,-0.5761310659199638
1.5432532814141418,-2.4796467429989844,0.6202362353763662,0.1941949544536129
1.7875360333144679,-1.6702996555504133,0.77808892662202,1.0935717596367915
1.9637548603258823,-2.034393933523848,0.6145829762303502,0.853199872379939
2.4036978192062,-2.5422228502084994,0.2505343317170202,0.5346493945419073
-2.2559743131584646,-2.7036983556139833,-0.38803965581158917,0.19527444498956426
2.4303507417895043,-2.7615441172377047,0.18810319365646477,0.3276033055754043
0.9336177934798595,-2.664551164680358,0.4354764817743998,-0.18342791035460349
0.5524306168402027,2.9254388720113926,-0.09273820322090243,0.19478308542591155
1.10417084451917,2.473339078522147,-0.4566080144444031,0.47084941363531874
-1.0221348275430229,-2.2415990910995087,-0.4710043681212295,-0.7313855777536024
-1.9981427018465279,-0.37890762638918885,-1.1361565218240868,-1.6022755344248742
0.695953672713808,-1.9221729830232954,1.1052412220984402,-0.3001007999694568
1.159675685864177,1.4045520138442287,-0.43826697200963183,1.462491468196446
-0.13618327028176846,1.9978414563596791,0.7039633906526954,0.8222343484618073
0.6142662831368702,0.2890962515921389,1.4361690463486165,1.3617717489892047
-2.997115955003084,-2.462766530735092,-0.30977873696728453,0.5894204924546719
-2.8102908696052866,1.5927512984368297,-0.5996644170702383,-1.2635252950040656
-1.7557716541701271,1.3882877283653272,0.7493119629403527,-1.3422092738130968
-1.0621059685969976,2.469695313429937,0.6495172478739982,0.11332818061279692
-0.5072370419287053,0.47650879632396403,1.8736179125660488,-0.5164874402163101
-2.6575704096816306,-2.3359826981378387,-0.6076561121657932,0.49538993356710326
-0.6663812187306646,-0.8299788313534209,0.8604312979775686,-1.6153763472694336
1.735304018760873,-2.314461539068562,0.6731573626251741,0.43918005895422363
-1.8005780084093492,-2.300250729937942,-0.8019105604220493,-0.15496293482796364
1.3803809935385134,3.1238387955850904,-0.01740222624433896,0.003514785434884371
1.4824305741419028,-1.9942179730239824,0.9601213433142669,0.5063618779531904
-0.4046784458985435,1.800846750017219,1.092970877609832,0.591068036195399
0.9723498159159965,3.0248838541972347,-0.09237503984778261,0.07122037660773994
-3.134499360013614,-0.17993625031730875,-1.9850746492123421,0.16489040235671282
-3.1166686784702216,2.733641675419771,-0.07215180846852542,-0.39865123119952184
-1.9824546622046397,2.1695243403559914,0.5824237624244567,-0.730478034296304
-0.20975434690633676,0.38160296117032155,1.9633524241613318,-0.03721561223072253
1.8572127488593244,-2.0777642677053243,0.693260488422216,0.7404946368129619
-2.526422550874613,0.8591139449583372,-0.9130378125582435,-1.5724437532751714
0.48167253850788283,-1.226338714352623,1.6215355238387419,-0.21446432045858915
0.3716035899326462,2.2381479997286897,0.06987137465595539,0.8702310036481749
-0.869984086291939,2.9272478003909415,0.1773326926203081,0.11967121332685171
-1.862184826115064,2.0783387909864883,0.6894470783368937,-0.7433712250172683
-2.447128035604005,2.4967348997176018,0.23037338927107276,-0.5903876247852256
2.390671631804331,-1.3092384690871468,-0.26099686296002594,1.5649447633478042
1.9314684777494415,-1.8973075809729985,0.6465133557109869,0.9698140838789646
-2.167229240839841,-0.8019103759539257,-1.5468616357538372,-0.9989440013763886
0.3136324170888236,-1.528050626025711,1.30010141148882,-0.6286506890573542
-0.4210967601059319,-3.011119602589437,-0.04542416229815338,-0.12221181226069111
-2.0130114681318174,0.7242156510495632,-0.14966487619790236,-1.8643065915658732
1.6753333037593414,1.313379801695989,-1.0926833495384902,1.1468257071722228
-2.125142880084822,2.266451527989135,0.46364471246271766,-0.7094057492859326
0.627327872595782,-2.5873248925574055,0.43014988390732256,-0.3382291468250047
-1.6104977855676428,0.9161043969382723,0.7287509955613802,-1.6391314122252134
-1.7149047829365,0.15099106010456742,-0.1367276348645718,-1.9896106489138823
-0.8540626449128128,-2.251435558470836,-0.34242314381643113,-0.7900420883224433
1.6779623984288694,-0.4639189662511325,0.2422723624630841,1.931298969405118
-1.9427772021318823,-2.4450518364196903,-0.6823532790485586,0.01618194727227562
-2.5409170046330676,2.3700523397045368,0.16048418599290892,-0.7352344679183482
0.843797535326738,0.6793968748501524,0.7122141527115609,1.746039700882283
0.2565738741368726,0.22248408964786037,1.854694636686176,0.7147114652501745
1.4087531220902072,2.0279670071263096,-0.7954300922132846,0.696037886498053
1.1221058792638026,2.4177983370671914,-0.4879312104843802,0.5131533060113208
-2.227654845622712,-0.5069685271194664,-1.5289567668399622,-1.1877423911339038
-3.0071196034433356,2.171091439927581,-0.320556961962414,-0.876054337225991
2.02629131818259,0.29456023620714333,-1.1215860598229748,1.6296946105712409
-0.4183839062706589,-3.0335349675647585,-0.03848727615778735,-0.10091499320834546
-1.7788210407604672,2.6597783309573115,0.42988542797839047,-0.2070923101716473
0.08873565718811482,0.5544853351875827,1.7962336126952492,0.6883951353456002
-2.404002578759839,2.8702352419017005,0.15317673627376438,-0.22298205995445697
2.3165590265251987,2.2151260704064537,-0.8582543048685719,-0.2491468334103949
-2.1799888293592056,1.2160225188392415,-0.001939094466859359,-1.641570216668104
0.9589336303274765,-0.19772123463092095,1.2983934536947088,1.50837924495921
-2.959846982080539,1.579066720690717,-0.7946549958062452,-1.162747968568967
-0.27291066132834274,0.7187813547686708,1.8652259765310832,0.16170810068205227
0.5857492621127323,2.9642661633452034,-0.08445026983519566,0.1556615721278018
0.8655765343276371,0.2667311526799758,1.0727727838164283,1.666863478027056
